url,id
https://c4.staticflickr.com/9/8555/15625756039_a60b0bd0a5_o.jpg,461828
https://farm8.staticflickr.com/7214/7337479734_53f1048393_o.jpg,165352
https://farm2.staticflickr.com/3299/3509371657_096da0a7e6_o.jpg,224667
https://c4.staticflickr.com/1/52/129983132_b668be4a47_o.jpg,602094
https://c4.staticflickr.com/1/55/155642663_7e28e8b2ff_o.jpg,347895
https://farm5.staticflickr.com/3710/10921149963_e04ba75721_o.jpg,153932
https://c1.staticflickr.com/1/1/359504_987ba125a3_o.jpg,163796
https://c6.staticflickr.com/6/5642/20538800186_5b2f77d0a2_o.jpg,272697
https://farm3.staticflickr.com/2779/4446802603_580d240f2f_o.jpg,762871
https://farm8.staticflickr.com/4122/5221106861_aa59373f42_o.jpg,232500
https://c6.staticflickr.com/3/2412/2249921758_4730f5e10f_o.jpg,422822
https://c5.staticflickr.com/4/3233/3144113570_68e3833ed2_o.jpg,179877
https://farm1.staticflickr.com/8321/7908413102_321680236d_o.jpg,94162
https://c8.staticflickr.com/9/8394/8685916586_0591d25c85_o.jpg,59672
https://c1.staticflickr.com/8/7303/8750683261_8e2fa8d4a5_o.jpg,228393
https://farm4.staticflickr.com/3122/2354782043_f16402d20d_o.jpg,35364
https://c4.staticflickr.com/1/122/300422857_eb3a885357_o.jpg,733894
https://c2.staticflickr.com/6/5266/5872194825_6c6ae65442_o.jpg,238956
https://farm4.staticflickr.com/4025/4510595451_c4a969acf4_o.jpg,18716
https://farm1.staticflickr.com/7348/16318269170_2bebe80050_o.jpg,24138
https://farm5.staticflickr.com/44/147860379_66c8b9032d_o.jpg,322674
https://c1.staticflickr.com/5/4072/4394324495_530606e03d_o.jpg,421363
https://farm6.staticflickr.com/2180/2525539133_42fd301abf_o.jpg,646529
https://c8.staticflickr.com/9/8662/16500302949_d6fbd7e28e_o.jpg,692931
https://farm5.staticflickr.com/1282/1247267336_d784f6c097_o.jpg,168084
https://c8.staticflickr.com/3/2655/3933449310_ce377dc22f_o.jpg,263544
https://farm2.staticflickr.com/3697/9514931856_c9521a3314_o.jpg,183846
https://c3.staticflickr.com/4/3655/3284661756_8599f85213_o.jpg,101126
https://c5.staticflickr.com/9/8512/8556436604_c200f4d464_o.jpg,73474
https://farm5.staticflickr.com/164/340359612_df41037e73_o.jpg,325921
https://c7.staticflickr.com/3/2448/3694014992_3035f3d421_o.jpg,633755
https://farm6.staticflickr.com/676/20463344603_35775f60a4_o.jpg,206923
https://farm8.staticflickr.com/5005/5356517508_b629917c6c_o.jpg,113344
https://c4.staticflickr.com/8/7477/15607276898_5f2e3bae27_o.jpg,168332
https://c4.staticflickr.com/8/7099/7331113978_af8907b762_o.jpg,50129
https://c7.staticflickr.com/8/7574/15672858775_c15dee302a_o.jpg,20985
https://farm2.staticflickr.com/1124/4605607812_59b4cc18f8_o.jpg,157601
https://c5.staticflickr.com/1/30/62990272_ec6ec6a40c_o.jpg,772393
https://farm5.staticflickr.com/5171/5403700857_0c66a94e1a_o.jpg,780814
https://farm8.staticflickr.com/7014/6628598569_eefba44fb5_o.jpg,42796
https://farm4.staticflickr.com/207/495123533_a46f6f7453_o.jpg,55247
https://farm3.staticflickr.com/1/1125038_5da3db80d2_o.jpg,156945
https://c8.staticflickr.com/3/2272/2277306387_8f1dcae86d_o.jpg,673710
https://c8.staticflickr.com/4/3943/15591326381_31637ceebe_o.jpg,99861
https://farm7.staticflickr.com/2340/2251302126_71a013e9b7_o.jpg,166577
https://c4.staticflickr.com/1/205/489195247_2d8ba95fb8_o.jpg,71126
https://farm5.staticflickr.com/2263/1936986464_12bbc3dcc5_o.jpg,564434
https://c6.staticflickr.com/7/6037/6337234263_fb75685066_o.jpg,167866
https://farm3.staticflickr.com/6161/6184343547_436acb602f_o.jpg,43296
https://c1.staticflickr.com/4/3307/3195432512_e4d3cc5a6a_o.jpg,391413
https://farm5.staticflickr.com/3256/3363560333_ee13cb7a9d_o.jpg,371635
https://farm1.staticflickr.com/5011/5537502948_503ea812fb_o.jpg,515274
https://c5.staticflickr.com/9/8438/7947864296_72f680203b_o.jpg,86001
https://c5.staticflickr.com/1/136/342659307_d5d9d36af5_o.jpg,182142
https://farm8.staticflickr.com/6096/6309741882_2e2ca8380f_o.jpg,624250
https://farm3.staticflickr.com/2144/2468082692_fa5d904e6e_o.jpg,240319
https://farm7.staticflickr.com/4102/4831175934_e63b28fcaf_o.jpg,359400
https://farm6.staticflickr.com/3272/2378866756_944646c110_o.jpg,155494
https://c1.staticflickr.com/1/171/440891815_ff20e93c6f_o.jpg,132418
https://farm8.staticflickr.com/7105/7254043526_925f5123f6_o.jpg,681782
https://c3.staticflickr.com/2/1217/1267930432_ceb97249e3_o.jpg,189801
https://c1.staticflickr.com/1/16/20094277_6ef23ab88f_o.jpg,158073
https://c3.staticflickr.com/1/66/187004065_b3d8f4666c_o.jpg,67089
https://c6.staticflickr.com/8/7126/7001743442_2e712ebebe_o.jpg,452823
https://c6.staticflickr.com/2/1079/4597825116_282f6aa3ec_o.jpg,583872
https://c2.staticflickr.com/1/55/138805025_80da2e3a82_o.jpg,610487
https://farm3.staticflickr.com/3262/2878472809_8b46601cd8_o.jpg,22308
https://farm6.staticflickr.com/4151/4963250713_7cc20953c6_o.jpg,582735
https://c4.staticflickr.com/1/46/138469658_5cdc5498f9_o.jpg,202128
https://c2.staticflickr.com/4/3269/2765139015_e88e08022e_o.jpg,264678
https://c4.staticflickr.com/5/4069/4718354955_ba73dd8342_o.jpg,318710
https://c8.staticflickr.com/1/33/40890499_629164fa72_o.jpg,423352
https://c7.staticflickr.com/9/8383/8683324671_454944750c_o.jpg,118313
https://farm7.staticflickr.com/5175/5464186630_10bbc7275a_o.jpg,214628
https://c4.staticflickr.com/7/6160/6168484879_c70ecb1aff_o.jpg,508676
https://farm8.staticflickr.com/5060/5408412373_5a46b6669a_o.jpg,680486
https://farm4.staticflickr.com/3231/2370036280_12e625bf70_o.jpg,376391
https://farm4.staticflickr.com/3618/3555170398_8c9ea39ed4_o.jpg,339788
https://c1.staticflickr.com/9/8413/10218081326_565699acb7_o.jpg,176701
https://farm4.staticflickr.com/177/406453588_b2541371b8_o.jpg,75680
https://c2.staticflickr.com/4/3082/2877896957_e4bb06c10c_o.jpg,113217
https://c5.staticflickr.com/2/1065/1387781960_b1d426af3f_o.jpg,452884
https://c2.staticflickr.com/2/1254/1124605009_ddffc4b073_o.jpg,221723
https://c5.staticflickr.com/4/3583/3859309007_ed0b4a5307_o.jpg,317721
https://farm6.staticflickr.com/8384/8640278929_91c30fa3dd_o.jpg,88861
https://c1.staticflickr.com/1/15/18845436_a1db0321e4_o.jpg,555182
https://c2.staticflickr.com/7/6016/5997977130_1af7f1d474_o.jpg,92946
https://c6.staticflickr.com/4/3471/3905367695_c0d4ab9363_o.jpg,156845
https://c5.staticflickr.com/9/8390/8562326627_d83c4c783f_o.jpg,719999
https://farm2.staticflickr.com/91/235979174_fcd7ef1374_o.jpg,243739
https://c2.staticflickr.com/1/53/139624046_5a0f01d592_o.jpg,373653
https://c3.staticflickr.com/8/7429/9549882142_f132074638_o.jpg,85059
https://c4.staticflickr.com/5/4032/5147661940_1c860c899e_o.jpg,619790
https://farm8.staticflickr.com/2784/4234357385_de01d1bcd9_o.jpg,85018
https://farm4.staticflickr.com/3258/3120906613_d6cc6158ae_o.jpg,258496
https://c5.staticflickr.com/6/5011/5589760101_864854d50e_o.jpg,256957
https://c2.staticflickr.com/6/5059/5397534110_c019cc7935_o.jpg,158654
https://farm4.staticflickr.com/1179/1145169549_95e830dc58_o.jpg,222731
https://c5.staticflickr.com/8/7160/6806331677_ee7edd92f0_o.jpg,558723
https://farm6.staticflickr.com/3352/3452315012_ab50b3bee8_o.jpg,257359
https://c3.staticflickr.com/3/2288/1521836343_1dfb9b1c83_o.jpg,46227
https://c6.staticflickr.com/8/7243/6934000096_b74c56f4f0_o.jpg,217596
https://c4.staticflickr.com/9/8119/10266082085_3dec6032e1_o.jpg,24721
https://farm7.staticflickr.com/8511/8488918795_4b95c5156d_o.jpg,207427
https://farm7.staticflickr.com/32/36148738_960efefc77_o.jpg,64209
https://farm3.staticflickr.com/3454/3758682596_b59f4787f5_o.jpg,469793
https://c5.staticflickr.com/1/36/104222040_c20f16bbc0_o.jpg,152815
https://c3.staticflickr.com/9/8481/8258258681_e807d1fec9_o.jpg,199944
https://farm8.staticflickr.com/8587/16528471507_2dc6c1456e_o.jpg,671290
https://c7.staticflickr.com/1/182/420085014_1cf6b81047_o.jpg,72657
https://c5.staticflickr.com/5/4123/4856216894_fe4dd86905_o.jpg,206594
https://farm1.staticflickr.com/5011/5534483501_9cc03ce143_o.jpg,117404
https://c4.staticflickr.com/6/5520/14032610173_5e6bc37fd4_o.jpg,372881
https://c4.staticflickr.com/1/112/277466417_af5979d6cc_o.jpg,770416
https://farm6.staticflickr.com/3113/2810192714_fec28d5cbf_o.jpg,54900
https://farm7.staticflickr.com/5174/5594762666_2c422e90bb_o.jpg,599700
https://farm1.staticflickr.com/7679/16982913298_b676e14f01_o.jpg,106187
https://c8.staticflickr.com/2/1071/890847666_c1ddfe0d3a_o.jpg,129949
https://c3.staticflickr.com/4/3912/14854571149_cd62f4e5c0_o.jpg,595943
https://farm2.staticflickr.com/8750/16779609830_1669a8aea3_o.jpg,136467
https://c8.staticflickr.com/7/6116/7030584313_bb2fae4d8a_o.jpg,404921
https://c5.staticflickr.com/5/4016/4258977454_b63a6222f7_o.jpg,211706
https://farm3.staticflickr.com/3258/3221571509_e025bedf70_o.jpg,213107
https://farm4.staticflickr.com/379/18891374042_0cebbf2f08_o.jpg,153111
https://c5.staticflickr.com/3/2397/2467431240_2f16bb353e_o.jpg,223374
https://c2.staticflickr.com/1/112/280546341_bf894af1ea_o.jpg,796964
https://c4.staticflickr.com/9/8092/8576674084_afc380a1cb_o.jpg,782038
https://c2.staticflickr.com/1/39/82706249_bf54b24c4e_o.jpg,741582
https://farm3.staticflickr.com/5029/5643509176_1c804d358f_o.jpg,306335
https://c3.staticflickr.com/1/59/211850545_7f670901ab_o.jpg,158308
https://c3.staticflickr.com/5/4118/4929845469_14a18f6a97_o.jpg,436707
https://farm1.staticflickr.com/8355/8265517869_6959176954_o.jpg,486473
https://farm3.staticflickr.com/4059/4685582311_810ab41c38_o.jpg,95880
https://farm1.staticflickr.com/2481/4050960339_cee38542a5_o.jpg,785243
https://c6.staticflickr.com/4/3597/3413987789_07037c3fdb_o.jpg,609466
https://farm8.staticflickr.com/124/319365750_ca9aa60658_o.jpg,211709
https://farm7.staticflickr.com/2032/2433290346_8008e12f40_o.jpg,719819
https://farm6.staticflickr.com/5614/15490190390_d1609619b0_o.jpg,59999
https://c5.staticflickr.com/4/3197/2787655381_371ea56aa0_o.jpg,702268
https://farm3.staticflickr.com/2356/2597157785_5400e95baf_o.jpg,658403
https://c3.staticflickr.com/4/3718/18240064153_6307f28011_o.jpg,112093
https://farm4.staticflickr.com/3839/14802405597_084cc4494f_o.jpg,165847
https://c4.staticflickr.com/4/3107/2448342046_3a61b51899_o.jpg,49515
https://farm1.staticflickr.com/3689/13472183804_18b01b6d65_o.jpg,173796
https://farm7.staticflickr.com/3406/3488815492_e348e57945_o.jpg,536331
https://farm8.staticflickr.com/8674/16588548882_d46bd7b13a_o.jpg,726294
https://c6.staticflickr.com/4/3243/2949642856_9f47d35492_o.jpg,727964
https://c7.staticflickr.com/1/224/502818931_71e37aa096_o.jpg,466905
https://c3.staticflickr.com/1/44/184497758_36675ffa8f_o.jpg,131938
https://c1.staticflickr.com/1/135/361146297_ca9b5c8799_o.jpg,162254
https://c3.staticflickr.com/8/7272/7669427402_46153e9d01_o.jpg,73840
https://c1.staticflickr.com/3/2945/15377770511_bba20f466b_o.jpg,428683
https://farm6.staticflickr.com/5198/6918082212_3d761ef609_o.jpg,82571
https://farm2.staticflickr.com/8698/17006894309_1e9959405e_o.jpg,687954
https://farm2.staticflickr.com/5333/9220842670_df40013b65_o.jpg,125510
https://farm2.staticflickr.com/5057/5553746612_b0cfd7e7ce_o.jpg,144562
https://c1.staticflickr.com/9/8320/8029675082_87e7ab371b_o.jpg,269896
https://c4.staticflickr.com/8/7013/6771874127_3dde59efd0_o.jpg,336821
https://farm1.staticflickr.com/7581/16095903366_765b88740d_o.jpg,116747
https://c1.staticflickr.com/9/8490/8211838216_39ace10196_o.jpg,306168
https://farm8.staticflickr.com/1401/540101322_80e772086a_o.jpg,20619
https://farm4.staticflickr.com/2597/4165101137_8ccbef1511_o.jpg,289007
https://c8.staticflickr.com/6/5635/21244113908_6be6a152f6_o.jpg,94172
https://farm2.staticflickr.com/2884/9205712144_6e930a9f36_o.jpg,137379
https://c7.staticflickr.com/9/8381/8531670703_90b0eafe31_o.jpg,34802
https://c1.staticflickr.com/4/3168/2925764125_34c8d463d2_o.jpg,590409
https://c3.staticflickr.com/9/8099/8526465743_09bd1cd017_o.jpg,150245
https://farm5.staticflickr.com/3564/3407129714_c45839e0b7_o.jpg,116430
https://c2.staticflickr.com/8/7664/16850385890_6c38777c3e_o.jpg,531707
https://farm4.staticflickr.com/4108/5035520687_6616c4d3b4_o.jpg,125732
https://c6.staticflickr.com/9/8021/7638411972_19c5c50491_o.jpg,286560
https://c4.staticflickr.com/3/2555/3794735607_9032f58a40_o.jpg,41442
https://c6.staticflickr.com/5/4103/5181580619_71c82a3523_o.jpg,751811
https://farm3.staticflickr.com/7178/7045771177_9377bccba0_o.jpg,304073
https://c2.staticflickr.com/9/8423/7718993234_02c96fb785_o.jpg,417419
https://c7.staticflickr.com/9/8291/7805590320_6a55e048c2_o.jpg,107133
https://c1.staticflickr.com/3/2076/2410851271_591f6193e1_o.jpg,74803
https://farm6.staticflickr.com/3189/3290610375_81b71f20de_o.jpg,433258
https://c2.staticflickr.com/3/2813/10361020685_c0a8157348_o.jpg,109783
https://c7.staticflickr.com/3/2851/10840115023_490f1bbc9e_o.jpg,708244
https://c4.staticflickr.com/9/8508/8533384511_7cacda361e_o.jpg,92600
https://farm1.staticflickr.com/43/86734244_fa32e0f44d_o.jpg,301632
https://c1.staticflickr.com/3/2392/2503896186_40fede0213_o.jpg,766848
https://farm6.staticflickr.com/8188/8083408281_be40588d60_o.jpg,579115
https://c6.staticflickr.com/6/5640/21324461286_38ac32b655_o.jpg,261798
https://farm8.staticflickr.com/8401/8605421763_d10616ee10_o.jpg,66140
https://farm4.staticflickr.com/3574/3411399021_25b6127b28_o.jpg,429096
https://c8.staticflickr.com/9/8602/16049352178_7d3413f8dc_o.jpg,697722
https://c4.staticflickr.com/4/3566/3514772493_15172a3908_o.jpg,282482
https://c2.staticflickr.com/8/7156/6468196999_b9b9eee8ec_o.jpg,98471
https://c7.staticflickr.com/6/5042/5225425456_0ea25be2df_o.jpg,244979
https://farm5.staticflickr.com/5179/5455701868_3bff9a8626_o.jpg,573429
https://farm6.staticflickr.com/2017/2245306291_3b87185126_o.jpg,392843
https://c5.staticflickr.com/6/5491/10002073854_53dc1acd33_o.jpg,358684
https://farm1.staticflickr.com/5026/5680529752_4056723ac7_o.jpg,285172
https://c7.staticflickr.com/9/8057/8236985986_141d85abd3_o.jpg,377341
https://farm3.staticflickr.com/8194/8105761235_c8a07eb63d_o.jpg,196432
https://c3.staticflickr.com/6/5458/9607923682_603a1ce43b_o.jpg,154629
https://farm7.staticflickr.com/2075/1796644066_79dbba9498_o.jpg,29655
https://c7.staticflickr.com/5/4076/4783508488_7e0f4bd869_o.jpg,644153
https://c2.staticflickr.com/5/4067/4232393091_848a12578d_o.jpg,98507
https://c6.staticflickr.com/8/7433/11703772314_5d3a448c11_o.jpg,542716
https://farm1.staticflickr.com/4072/4378517867_3927441acd_o.jpg,286364
https://farm1.staticflickr.com/2246/2365652301_47cbee060b_o.jpg,317796
https://c8.staticflickr.com/6/5213/5455911879_2cc03fb2f7_o.jpg,241653
https://farm1.staticflickr.com/382/20129989136_6348c03383_o.jpg,260940
https://c3.staticflickr.com/6/5149/5619674470_3fe09f2d0d_o.jpg,117201
https://farm8.staticflickr.com/8231/8498195558_c7b2a43d71_o.jpg,704718
https://farm1.staticflickr.com/31/64462930_e27f0d8167_o.jpg,240142
https://c6.staticflickr.com/3/2883/13605524693_1dca638c38_o.jpg,62703
https://c2.staticflickr.com/8/7055/6929186695_c19419c591_o.jpg,53071
https://farm7.staticflickr.com/3344/3447150663_021096d155_o.jpg,610915
https://farm3.staticflickr.com/3601/3653241866_f605d4c63f_o.jpg,42600
https://c8.staticflickr.com/6/5332/7436504616_b96216b52b_o.jpg,69286
https://farm5.staticflickr.com/8453/7958267040_fe07902a5d_o.jpg,108195
https://c2.staticflickr.com/1/86/240109673_95111bd700_o.jpg,319545
https://c3.staticflickr.com/4/3281/2955217516_c93fec3025_o.jpg,574559
https://c2.staticflickr.com/6/5232/5915537603_c522fd3e47_o.jpg,133355
https://farm7.staticflickr.com/1321/4604217151_c9b6aa8691_o.jpg,108890
https://c1.staticflickr.com/6/5158/5842676445_a0cafbb87e_o.jpg,133427
https://farm1.staticflickr.com/4038/4161305778_b0272d30e7_o.jpg,84537
https://c1.staticflickr.com/6/5203/5305376428_6561f17805_o.jpg,152818
https://farm8.staticflickr.com/6193/6046513967_f279236df6_o.jpg,104748
https://farm5.staticflickr.com/82/231919452_e0ae8437a6_o.jpg,156152
https://c2.staticflickr.com/4/3747/9475848184_98ebda6e1c_o.jpg,721597
https://farm5.staticflickr.com/3090/3217341115_922d9d5f40_o.jpg,423485
https://c7.staticflickr.com/6/5185/5789217286_c9957f6951_o.jpg,157331
https://farm4.staticflickr.com/8220/8408915517_f7bee66ab8_o.jpg,195166
https://c8.staticflickr.com/4/3519/3756419414_e011e6d0c0_o.jpg,61125
https://c8.staticflickr.com/1/21/31192687_14c873611d_o.jpg,476572
https://c5.staticflickr.com/5/4077/4807485813_b176c1c842_o.jpg,381880
https://c6.staticflickr.com/9/8447/7892467836_2df2b90240_o.jpg,226850
https://farm2.staticflickr.com/5176/5571758340_f955bd3975_o.jpg,272180
https://farm7.staticflickr.com/6157/6162357891_7e79a1ef72_o.jpg,215106
https://c5.staticflickr.com/4/3141/2580484247_c6623e24bf_o.jpg,179065
https://c2.staticflickr.com/1/128/318623998_c38f6a227a_o.jpg,184024
https://c7.staticflickr.com/6/5165/5324495533_6334fa9ef4_o.jpg,213716
https://c1.staticflickr.com/2/1151/3172402038_8e7a50e088_o.jpg,175022
https://c5.staticflickr.com/1/39/87008326_17d841a62c_o.jpg,576159
https://c2.staticflickr.com/3/2650/3985226518_d12cdc980d_o.jpg,528485
https://farm2.staticflickr.com/1085/1330083954_6365dda187_o.jpg,273561
https://farm1.staticflickr.com/2928/13896393587_11fdcd80aa_o.jpg,131421
https://farm5.staticflickr.com/57/219311896_c3479943b4_o.jpg,154803
https://c6.staticflickr.com/8/7390/12580696625_8b7c93c01c_o.jpg,242150
https://c1.staticflickr.com/6/5084/5271245414_807e203122_o.jpg,757298
https://farm3.staticflickr.com/2626/4029738064_7b1df693ff_o.jpg,227827
https://c1.staticflickr.com/4/3005/3014271067_2dbf1a119b_o.jpg,746845
https://farm1.staticflickr.com/3402/3474484730_a6884a26b5_o.jpg,410807
https://c5.staticflickr.com/6/5282/5340345379_7f29503dbe_o.jpg,54132
https://c8.staticflickr.com/3/2324/2204198196_bcb61bd020_o.jpg,469080
https://c8.staticflickr.com/3/2684/4131364656_1258d70a09_o.jpg,233830
https://farm6.staticflickr.com/5470/17576600726_cb5644f169_o.jpg,224691
https://c1.staticflickr.com/8/7144/6696950945_79c458cf93_o.jpg,409782
https://farm8.staticflickr.com/34/121858553_a49503c009_o.jpg,172334
https://c7.staticflickr.com/2/1421/5139689159_4ea9f20bee_o.jpg,199461
https://farm7.staticflickr.com/5121/5281250463_5083dde5bd_o.jpg,17256
https://farm3.staticflickr.com/4077/4916152991_fd660f955d_o.jpg,665970
https://c8.staticflickr.com/3/2623/3799825666_335908303e_o.jpg,738780
https://c5.staticflickr.com/7/6064/6097499605_d06c51eed9_o.jpg,639533
https://farm2.staticflickr.com/3884/14365126993_763a6b0cfd_o.jpg,693867
https://c5.staticflickr.com/8/7009/6582109443_5d53c51ca6_o.jpg,627569
https://c1.staticflickr.com/3/2496/4143243322_467284bcff_o.jpg,729062
https://c4.staticflickr.com/3/2127/2546799273_9f5706d99e_o.jpg,96807
https://farm5.staticflickr.com/109/298341893_8f5072310c_o.jpg,40455
https://c1.staticflickr.com/8/7133/7552040184_47f86d18cc_o.jpg,80476
https://c3.staticflickr.com/2/1429/894394457_76ff111cd8_o.jpg,64709
https://c7.staticflickr.com/7/6068/6102327464_7118eb3d5c_o.jpg,385707
https://farm3.staticflickr.com/2698/4380790081_37703eb96a_o.jpg,159128
https://c7.staticflickr.com/3/2857/12253619583_cabe688119_o.jpg,367039
https://c6.staticflickr.com/3/2183/1586729263_ffce44e1a0_o.jpg,117277
https://farm5.staticflickr.com/8228/8451914004_9360928115_o.jpg,192773
https://farm6.staticflickr.com/34/105398161_799ded9b2a_o.jpg,477042
https://c6.staticflickr.com/1/104/303217440_f595f9b310_o.jpg,72766
https://c6.staticflickr.com/9/8049/8443722595_84e78c7139_o.jpg,262403
https://c5.staticflickr.com/5/4091/5202075364_0e4f9ee738_o.jpg,197098
https://c3.staticflickr.com/4/3657/3505128975_5ebd87c04b_o.jpg,218640
https://farm5.staticflickr.com/7117/7071889985_52a7e72f91_o.jpg,146415
https://c6.staticflickr.com/9/8114/8683869493_50b13600bf_o.jpg,47208
https://c7.staticflickr.com/8/7490/15869866387_8c3e01dc6a_o.jpg,404958
https://c6.staticflickr.com/6/5199/7209471856_4a69a064c1_o.jpg,446480
https://farm5.staticflickr.com/8203/8153219008_00fbc2842e_o.jpg,732679
https://c3.staticflickr.com/6/5538/9989788116_d3fe0418f5_o.jpg,64675
https://c3.staticflickr.com/6/5615/15629176482_0384ab8a9f_o.jpg,448638
https://c3.staticflickr.com/6/5591/14941679877_c39a76576d_o.jpg,306835
https://farm5.staticflickr.com/3733/11259596475_86da0637b3_o.jpg,193679
https://c8.staticflickr.com/6/5174/5431725103_a42afcdde6_o.jpg,405950
https://c3.staticflickr.com/3/2195/2083658862_c4830fbac1_o.jpg,98062
https://farm6.staticflickr.com/3200/2759819694_29b9334eea_o.jpg,500869
https://c6.staticflickr.com/5/4149/5097289539_58c4636a1a_o.jpg,207752
https://c1.staticflickr.com/5/4110/5093076088_be9dc25676_o.jpg,100535
https://c2.staticflickr.com/9/8478/8169361788_b8616cb872_o.jpg,253745
https://c8.staticflickr.com/3/2809/9691853171_5a9cef0234_o.jpg,107621
https://farm5.staticflickr.com/22/26078766_af93f14c7b_o.jpg,496498
https://farm8.staticflickr.com/7593/16667862888_1f83368303_o.jpg,202613
https://farm6.staticflickr.com/3016/2814480856_58f6012cc0_o.jpg,88162